043,"[[464.2196     338.35230094]
 [467.80811903 338.47151764]
 [474.76758085 339.86273398]
 [481.29480407 342.56639836]
 [487.19962522 346.5037425 ]
 [489.8213903  348.9569097 ]
 [492.2745575  351.57867478]
 [496.21190164 357.48349593]
 [498.91556602 364.01071915]
 [500.30678236 370.97018097]
 [500.42599906 374.5587    ]
 [500.30678236 378.14721903]
 [498.91556602 385.10668085]
 [496.21190164 391.63390407]
 [492.2745575  397.53872522]
 [489.8213903  400.1604903 ]
 [487.19962522 402.6136575 ]
 [481.29480407 406.55100164]
 [474.76758085 409.25466602]
 [467.80811903 410.64588236]
 [464.2196     410.76509906]
 [460.63108097 410.64588236]
 [453.67161915 409.25466602]
 [447.14439593 406.55100164]
 [441.23957478 402.6136575 ]
 [438.6178097  400.1604903 ]
 [436.1646425  397.53872522]
 [432.22729836 391.63390407]
 [429.52363398 385.10668085]
 [428.13241764 378.14721903]
 [428.01320094 374.5587    ]
 [428.13241764 370.97018097]
 [429.52363398 364.01071915]
 [432.22729836 357.48349593]
 [436.1646425  351.57867478]
 [438.6178097  348.9569097 ]
 [441.23957478 346.5037425 ]
 [447.14439593 342.56639836]
 [453.67161915 339.86273398]
 [460.63108097 338.47151764]
 [464.2196     338.35230094]]"
044,"[[462.5943     338.13190094]
 [466.18281903 338.25111764]
 [473.14228085 339.64233398]
 [479.66950407 342.34599836]
 [485.57432522 346.2833425 ]
 [488.1960903  348.7365097 ]
 [490.6492575  351.35827478]
 [494.58660164 357.26309593]
 [497.29026602 363.79031915]
 [498.68148236 370.74978097]
 [498.80069906 374.3383    ]
 [498.68148236 377.92681903]
 [497.29026602 384.88628085]
 [494.58660164 391.41350407]
 [490.6492575  397.31832522]
 [488.1960903  399.9400903 ]
 [485.57432522 402.3932575 ]
 [479.66950407 406.33060164]
 [473.14228085 409.03426602]
 [466.18281903 410.42548236]
 [462.5943     410.54469906]
 [459.00578097 410.42548236]
 [452.04631915 409.03426602]
 [445.51909593 406.33060164]
 [439.61427478 402.3932575 ]
 [436.9925097  399.9400903 ]
 [434.5393425  397.31832522]
 [430.60199836 391.41350407]
 [427.89833398 384.88628085]
 [426.50711764 377.92681903]
 [426.38790094 374.3383    ]
 [426.50711764 370.74978097]
 [427.89833398 363.79031915]
 [430.60199836 357.26309593]
 [434.5393425  351.35827478]
 [436.9925097  348.7365097 ]
 [439.61427478 346.2833425 ]
 [445.51909593 342.34599836]
 [452.04631915 339.64233398]
 [459.00578097 338.25111764]
 [462.5943     338.13190094]]"
045,"[[463.2172     340.39770945]
 [466.81844427 340.51734891]
 [473.80258504 341.91349864]
 [480.35295444 344.62675048]
 [486.27871467 348.57805684]
 [488.90977679 351.03992321]
 [491.37164316 353.67098533]
 [495.32294952 359.59674556]
 [498.03620136 366.14711496]
 [499.43235109 373.13125573]
 [499.55199055 376.7325    ]
 [499.43235109 380.33374427]
 [498.03620136 387.31788504]
 [495.32294952 393.86825444]
 [491.37164316 399.79401467]
 [488.90977679 402.42507679]
 [486.27871467 404.88694316]
 [480.35295444 408.83824952]
 [473.80258504 411.55150136]
 [466.81844427 412.94765109]
 [463.2172     413.06729055]
 [459.61595573 412.94765109]
 [452.63181496 411.55150136]
 [446.08144556 408.83824952]
 [440.15568533 404.88694316]
 [437.52462321 402.42507679]
 [435.06275684 399.79401467]
 [431.11145048 393.86825444]
 [428.39819864 387.31788504]
 [427.00204891 380.33374427]
 [426.88240945 376.7325    ]
 [427.00204891 373.13125573]
 [428.39819864 366.14711496]
 [431.11145048 359.59674556]
 [435.06275684 353.67098533]
 [437.52462321 351.03992321]
 [440.15568533 348.57805684]
 [446.08144556 344.62675048]
 [452.63181496 341.91349864]
 [459.61595573 340.51734891]
 [463.2172     340.39770945]]"
046,"[[464.6563     337.96470519]
 [468.25118165 338.08413328]
 [475.22298294 339.47781631]
 [481.76177925 342.18627442]
 [487.67706995 346.13059967]
 [490.30348355 348.58811645]
 [492.76100033 351.21453005]
 [496.70532558 357.12982075]
 [499.41378369 363.66861706]
 [500.80746672 370.64041835]
 [500.92689481 374.2353    ]
 [500.80746672 377.83018165]
 [499.41378369 384.80198294]
 [496.70532558 391.34077925]
 [492.76100033 397.25606995]
 [490.30348355 399.88248355]
 [487.67706995 402.34000033]
 [481.76177925 406.28432558]
 [475.22298294 408.99278369]
 [468.25118165 410.38646672]
 [464.6563     410.50589481]
 [461.06141835 410.38646672]
 [454.08961706 408.99278369]
 [447.55082075 406.28432558]
 [441.63553005 402.34000033]
 [439.00911645 399.88248355]
 [436.55159967 397.25606995]
 [432.60727442 391.34077925]
 [429.89881631 384.80198294]
 [428.50513328 377.83018165]
 [428.38570519 374.2353    ]
 [428.50513328 370.64041835]
 [429.89881631 363.66861706]
 [432.60727442 357.12982075]
 [436.55159967 351.21453005]
 [439.00911645 348.58811645]
 [441.63553005 346.13059967]
 [447.55082075 342.18627442]
 [454.08961706 339.47781631]
 [461.06141835 338.08413328]
 [464.6563     337.96470519]]"
047,"[[464.0414     335.55830094]
 [467.62991903 335.67751764]
 [474.58938085 337.06873398]
 [481.11660407 339.77239836]
 [487.02142522 343.7097425 ]
 [489.6431903  346.1629097 ]
 [492.0963575  348.78467478]
 [496.03370164 354.68949593]
 [498.73736602 361.21671915]
 [500.12858236 368.17618097]
 [500.24779906 371.7647    ]
 [500.12858236 375.35321903]
 [498.73736602 382.31268085]
 [496.03370164 388.83990407]
 [492.0963575  394.74472522]
 [489.6431903  397.3664903 ]
 [487.02142522 399.8196575 ]
 [481.11660407 403.75700164]
 [474.58938085 406.46066602]
 [467.62991903 407.85188236]
 [464.0414     407.97109906]
 [460.45288097 407.85188236]
 [453.49341915 406.46066602]
 [446.96619593 403.75700164]
 [441.06137478 399.8196575 ]
 [438.4396097  397.3664903 ]
 [435.9864425  394.74472522]
 [432.04909836 388.83990407]
 [429.34543398 382.31268085]
 [427.95421764 375.35321903]
 [427.83500094 371.7647    ]
 [427.95421764 368.17618097]
 [429.34543398 361.21671915]
 [432.04909836 354.68949593]
 [435.9864425  348.78467478]
 [438.4396097  346.1629097 ]
 [441.06137478 343.7097425 ]
 [446.96619593 339.77239836]
 [453.49341915 337.06873398]
 [460.45288097 335.67751764]
 [464.0414     335.55830094]]"
048,"[[467.2214     339.79360094]
 [470.80991903 339.91281764]
 [477.76938085 341.30403398]
 [484.29660407 344.00769836]
 [490.20142522 347.9450425 ]
 [492.8231903  350.3982097 ]
 [495.2763575  353.01997478]
 [499.21370164 358.92479593]
 [501.91736602 365.45201915]
 [503.30858236 372.41148097]
 [503.42779906 376.        ]
 [503.30858236 379.58851903]
 [501.91736602 386.54798085]
 [499.21370164 393.07520407]
 [495.2763575  398.98002522]
 [492.8231903  401.6017903 ]
 [490.20142522 404.0549575 ]
 [484.29660407 407.99230164]
 [477.76938085 410.69596602]
 [470.80991903 412.08718236]
 [467.2214     412.20639906]
 [463.63288097 412.08718236]
 [456.67341915 410.69596602]
 [450.14619593 407.99230164]
 [444.24137478 404.0549575 ]
 [441.6196097  401.6017903 ]
 [439.1664425  398.98002522]
 [435.22909836 393.07520407]
 [432.52543398 386.54798085]
 [431.13421764 379.58851903]
 [431.01500094 376.        ]
 [431.13421764 372.41148097]
 [432.52543398 365.45201915]
 [435.22909836 358.92479593]
 [439.1664425  353.01997478]
 [441.6196097  350.3982097 ]
 [444.24137478 347.9450425 ]
 [450.14619593 344.00769836]
 [456.67341915 341.30403398]
 [463.63288097 339.91281764]
 [467.2214     339.79360094]]"
049,"[[462.7804     335.59710519]
 [466.37528165 335.71653328]
 [473.34708294 337.11021631]
 [479.88587925 339.81867442]
 [485.80116995 343.76299967]
 [488.42758355 346.22051645]
 [490.88510033 348.84693005]
 [494.82942558 354.76222075]
 [497.53788369 361.30101706]
 [498.93156672 368.27281835]
 [499.05099481 371.8677    ]
 [498.93156672 375.46258165]
 [497.53788369 382.43438294]
 [494.82942558 388.97317925]
 [490.88510033 394.88846995]
 [488.42758355 397.51488355]
 [485.80116995 399.97240033]
 [479.88587925 403.91672558]
 [473.34708294 406.62518369]
 [466.37528165 408.01886672]
 [462.7804     408.13829481]
 [459.18551835 408.01886672]
 [452.21371706 406.62518369]
 [445.67492075 403.91672558]
 [439.75963005 399.97240033]
 [437.13321645 397.51488355]
 [434.67569967 394.88846995]
 [430.73137442 388.97317925]
 [428.02291631 382.43438294]
 [426.62923328 375.46258165]
 [426.50980519 371.8677    ]
 [426.62923328 368.27281835]
 [428.02291631 361.30101706]
 [430.73137442 354.76222075]
 [434.67569967 348.84693005]
 [437.13321645 346.22051645]
 [439.75963005 343.76299967]
 [445.67492075 339.81867442]
 [452.21371706 337.11021631]
 [459.18551835 335.71653328]
 [462.7804     335.59710519]]"
050,"[[459.8425     337.99690519]
 [463.43738165 338.11633328]
 [470.40918294 339.51001631]
 [476.94797925 342.21847442]
 [482.86326995 346.16279967]
 [485.48968355 348.62031645]
 [487.94720033 351.24673005]
 [491.89152558 357.16202075]
 [494.59998369 363.70081706]
 [495.99366672 370.67261835]
 [496.11309481 374.2675    ]
 [495.99366672 377.86238165]
 [494.59998369 384.83418294]
 [491.89152558 391.37297925]
 [487.94720033 397.28826995]
 [485.48968355 399.91468355]
 [482.86326995 402.37220033]
 [476.94797925 406.31652558]
 [470.40918294 409.02498369]
 [463.43738165 410.41866672]
 [459.8425     410.53809481]
 [456.24761835 410.41866672]
 [449.27581706 409.02498369]
 [442.73702075 406.31652558]
 [436.82173005 402.37220033]
 [434.19531645 399.91468355]
 [431.73779967 397.28826995]
 [427.79347442 391.37297925]
 [425.08501631 384.83418294]
 [423.69133328 377.86238165]
 [423.57190519 374.2675    ]
 [423.69133328 370.67261835]
 [425.08501631 363.70081706]
 [427.79347442 357.16202075]
 [431.73779967 351.24673005]
 [434.19531645 348.62031645]
 [436.82173005 346.16279967]
 [442.73702075 342.21847442]
 [449.27581706 339.51001631]
 [456.24761835 338.11633328]
 [459.8425     337.99690519]]"
051,"[[459.6563     338.29360094]
 [463.24481903 338.41281764]
 [470.20428085 339.80403398]
 [476.73150407 342.50769836]
 [482.63632522 346.4450425 ]
 [485.2580903  348.8982097 ]
 [487.7112575  351.51997478]
 [491.64860164 357.42479593]
 [494.35226602 363.95201915]
 [495.74348236 370.91148097]
 [495.86269906 374.5       ]
 [495.74348236 378.08851903]
 [494.35226602 385.04798085]
 [491.64860164 391.57520407]
 [487.7112575  397.48002522]
 [485.2580903  400.1017903 ]
 [482.63632522 402.5549575 ]
 [476.73150407 406.49230164]
 [470.20428085 409.19596602]
 [463.24481903 410.58718236]
 [459.6563     410.70639906]
 [456.06778097 410.58718236]
 [449.10831915 409.19596602]
 [442.58109593 406.49230164]
 [436.67627478 402.5549575 ]
 [434.0545097  400.1017903 ]
 [431.6013425  397.48002522]
 [427.66399836 391.57520407]
 [424.96033398 385.04798085]
 [423.56911764 378.08851903]
 [423.44990094 374.5       ]
 [423.56911764 370.91148097]
 [424.96033398 363.95201915]
 [427.66399836 357.42479593]
 [431.6013425  351.51997478]
 [434.0545097  348.8982097 ]
 [436.67627478 346.4450425 ]
 [442.58109593 342.50769836]
 [449.10831915 339.80403398]
 [456.06778097 338.41281764]
 [459.6563     338.29360094]]"
052,"[[459.0286     340.16520945]
 [462.62984427 340.28484891]
 [469.61398504 341.68099864]
 [476.16435444 344.39425048]
 [482.09011467 348.34555684]
 [484.72117679 350.80742321]
 [487.18304316 353.43848533]
 [491.13434952 359.36424556]
 [493.84760136 365.91461496]
 [495.24375109 372.89875573]
 [495.36339055 376.5       ]
 [495.24375109 380.10124427]
 [493.84760136 387.08538504]
 [491.13434952 393.63575444]
 [487.18304316 399.56151467]
 [484.72117679 402.19257679]
 [482.09011467 404.65444316]
 [476.16435444 408.60574952]
 [469.61398504 411.31900136]
 [462.62984427 412.71515109]
 [459.0286     412.83479055]
 [455.42735573 412.71515109]
 [448.44321496 411.31900136]
 [441.89284556 408.60574952]
 [435.96708533 404.65444316]
 [433.33602321 402.19257679]
 [430.87415684 399.56151467]
 [426.92285048 393.63575444]
 [424.20959864 387.08538504]
 [422.81344891 380.10124427]
 [422.69380945 376.5       ]
 [422.81344891 372.89875573]
 [424.20959864 365.91461496]
 [426.92285048 359.36424556]
 [430.87415684 353.43848533]
 [433.33602321 350.80742321]
 [435.96708533 348.34555684]
 [441.89284556 344.39425048]
 [448.44321496 341.68099864]
 [455.42735573 340.28484891]
 [459.0286     340.16520945]]"
053,"[[457.2816     341.49410519]
 [460.87648165 341.61353328]
 [467.84828294 343.00721631]
 [474.38707925 345.71567442]
 [480.30236995 349.65999967]
 [482.92878355 352.11751645]
 [485.38630033 354.74393005]
 [489.33062558 360.65922075]
 [492.03908369 367.19801706]
 [493.43276672 374.16981835]
 [493.55219481 377.7647    ]
 [493.43276672 381.35958165]
 [492.03908369 388.33138294]
 [489.33062558 394.87017925]
 [485.38630033 400.78546995]
 [482.92878355 403.41188355]
 [480.30236995 405.86940033]
 [474.38707925 409.81372558]
 [467.84828294 412.52218369]
 [460.87648165 413.91586672]
 [457.2816     414.03529481]
 [453.68671835 413.91586672]
 [446.71491706 412.52218369]
 [440.17612075 409.81372558]
 [434.26083005 405.86940033]
 [431.63441645 403.41188355]
 [429.17689967 400.78546995]
 [425.23257442 394.87017925]
 [422.52411631 388.33138294]
 [421.13043328 381.35958165]
 [421.01100519 377.7647    ]
 [421.13043328 374.16981835]
 [422.52411631 367.19801706]
 [425.23257442 360.65922075]
 [429.17689967 354.74393005]
 [431.63441645 352.11751645]
 [434.26083005 349.65999967]
 [440.17612075 345.71567442]
 [446.71491706 343.00721631]
 [453.68671835 341.61353328]
 [457.2816     341.49410519]]"
054,"[[454.031      343.19060094]
 [457.61951903 343.30981764]
 [464.57898085 344.70103398]
 [471.10620407 347.40469836]
 [477.01102522 351.3420425 ]
 [479.6327903  353.7952097 ]
 [482.0859575  356.41697478]
 [486.02330164 362.32179593]
 [488.72696602 368.84901915]
 [490.11818236 375.80848097]
 [490.23739906 379.397     ]
 [490.11818236 382.98551903]
 [488.72696602 389.94498085]
 [486.02330164 396.47220407]
 [482.0859575  402.37702522]
 [479.6327903  404.9987903 ]
 [477.01102522 407.4519575 ]
 [471.10620407 411.38930164]
 [464.57898085 414.09296602]
 [457.61951903 415.48418236]
 [454.031      415.60339906]
 [450.44248097 415.48418236]
 [443.48301915 414.09296602]
 [436.95579593 411.38930164]
 [431.05097478 407.4519575 ]
 [428.4292097  404.9987903 ]
 [425.9760425  402.37702522]
 [422.03869836 396.47220407]
 [419.33503398 389.94498085]
 [417.94381764 382.98551903]
 [417.82460094 379.397     ]
 [417.94381764 375.80848097]
 [419.33503398 368.84901915]
 [422.03869836 362.32179593]
 [425.9760425  356.41697478]
 [428.4292097  353.7952097 ]
 [431.05097478 351.3420425 ]
 [436.95579593 347.40469836]
 [443.48301915 344.70103398]
 [450.44248097 343.30981764]
 [454.031      343.19060094]]"
055,"[[453.031      344.49159668]
 [456.6131564  344.61060201]
 [463.56027875 345.99935165]
 [470.07592888 348.6982223 ]
 [475.97028049 352.62858534]
 [478.58739706 355.07740294]
 [481.03621466 357.69451951]
 [484.9665777  363.58887112]
 [487.66544835 370.10452125]
 [489.05419799 377.0516436 ]
 [489.17320332 380.6338    ]
 [489.05419799 384.2159564 ]
 [487.66544835 391.16307875]
 [484.9665777  397.67872888]
 [481.03621466 403.57308049]
 [478.58739706 406.19019706]
 [475.97028049 408.63901466]
 [470.07592888 412.5693777 ]
 [463.56027875 415.26824835]
 [456.6131564  416.65699799]
 [453.031      416.77600332]
 [449.4488436  416.65699799]
 [442.50172125 415.26824835]
 [435.98607112 412.5693777 ]
 [430.09171951 408.63901466]
 [427.47460294 406.19019706]
 [425.02578534 403.57308049]
 [421.0954223  397.67872888]
 [418.39655165 391.16307875]
 [417.00780201 384.2159564 ]
 [416.88879668 380.6338    ]
 [417.00780201 377.0516436 ]
 [418.39655165 370.10452125]
 [421.0954223  363.58887112]
 [425.02578534 357.69451951]
 [427.47460294 355.07740294]
 [430.09171951 352.62858534]
 [435.98607112 348.6982223 ]
 [442.50172125 345.99935165]
 [449.4488436  344.61060201]
 [453.031      344.49159668]]"
056,"[[454.5918     346.73049668]
 [458.1739564  346.84950201]
 [465.12107875 348.23825165]
 [471.63672888 350.9371223 ]
 [477.53108049 354.86748534]
 [480.14819706 357.31630294]
 [482.59701466 359.93341951]
 [486.5273777  365.82777112]
 [489.22624835 372.34342125]
 [490.61499799 379.2905436 ]
 [490.73400332 382.8727    ]
 [490.61499799 386.4548564 ]
 [489.22624835 393.40197875]
 [486.5273777  399.91762888]
 [482.59701466 405.81198049]
 [480.14819706 408.42909706]
 [477.53108049 410.87791466]
 [471.63672888 414.8082777 ]
 [465.12107875 417.50714835]
 [458.1739564  418.89589799]
 [454.5918     419.01490332]
 [451.0096436  418.89589799]
 [444.06252125 417.50714835]
 [437.54687112 414.8082777 ]
 [431.65251951 410.87791466]
 [429.03540294 408.42909706]
 [426.58658534 405.81198049]
 [422.6562223  399.91762888]
 [419.95735165 393.40197875]
 [418.56860201 386.4548564 ]
 [418.44959668 382.8727    ]
 [418.56860201 379.2905436 ]
 [419.95735165 372.34342125]
 [422.6562223  365.82777112]
 [426.58658534 359.93341951]
 [429.03540294 357.31630294]
 [431.65251951 354.86748534]
 [437.54687112 350.9371223 ]
 [444.06252125 348.23825165]
 [451.0096436  346.84950201]
 [454.5918     346.73049668]]"
057,"[[447.9069     344.49960094]
 [451.49541903 344.61881764]
 [458.45488085 346.01003398]
 [464.98210407 348.71369836]
 [470.88692522 352.6510425 ]
 [473.5086903  355.1042097 ]
 [475.9618575  357.72597478]
 [479.89920164 363.63079593]
 [482.60286602 370.15801915]
 [483.99408236 377.11748097]
 [484.11329906 380.706     ]
 [483.99408236 384.29451903]
 [482.60286602 391.25398085]
 [479.89920164 397.78120407]
 [475.9618575  403.68602522]
 [473.5086903  406.3077903 ]
 [470.88692522 408.7609575 ]
 [464.98210407 412.69830164]
 [458.45488085 415.40196602]
 [451.49541903 416.79318236]
 [447.9069     416.91239906]
 [444.31838097 416.79318236]
 [437.35891915 415.40196602]
 [430.83169593 412.69830164]
 [424.92687478 408.7609575 ]
 [422.3051097  406.3077903 ]
 [419.8519425  403.68602522]
 [415.91459836 397.78120407]
 [413.21093398 391.25398085]
 [411.81971764 384.29451903]
 [411.70050094 380.706     ]
 [411.81971764 377.11748097]
 [413.21093398 370.15801915]
 [415.91459836 363.63079593]
 [419.8519425  357.72597478]
 [422.3051097  355.1042097 ]
 [424.92687478 352.6510425 ]
 [430.83169593 348.71369836]
 [437.35891915 346.01003398]
 [444.31838097 344.61881764]
 [447.9069     344.49960094]]"
058,"[[445.2196     343.78969242]
 [448.79539378 343.90848637]
 [455.73017666 345.29476932]
 [462.2342537  347.98884624]
 [468.11813577 351.91222817]
 [470.73060381 354.35669619]
 [473.17507183 356.96916423]
 [477.09845376 362.8530463 ]
 [479.79253068 369.35712334]
 [481.17881363 376.29190622]
 [481.29760758 379.8677    ]
 [481.17881363 383.44349378]
 [479.79253068 390.37827666]
 [477.09845376 396.8823537 ]
 [473.17507183 402.76623577]
 [470.73060381 405.37870381]
 [468.11813577 407.82317183]
 [462.2342537  411.74655376]
 [455.73017666 414.44063068]
 [448.79539378 415.82691363]
 [445.2196     415.94570758]
 [441.64380622 415.82691363]
 [434.70902334 414.44063068]
 [428.2049463  411.74655376]
 [422.32106423 407.82317183]
 [419.70859619 405.37870381]
 [417.26412817 402.76623577]
 [413.34074624 396.8823537 ]
 [410.64666932 390.37827666]
 [409.26038637 383.44349378]
 [409.14159242 379.8677    ]
 [409.26038637 376.29190622]
 [410.64666932 369.35712334]
 [413.34074624 362.8530463 ]
 [417.26412817 356.96916423]
 [419.70859619 354.35669619]
 [422.32106423 351.91222817]
 [428.2049463  347.98884624]
 [434.70902334 345.29476932]
 [441.64380622 343.90848637]
 [445.2196     343.78969242]]"
059,"[[442.4678     339.99569242]
 [446.04359378 340.11448637]
 [452.97837666 341.50076932]
 [459.4824537  344.19484624]
 [465.36633577 348.11822817]
 [467.97880381 350.56269619]
 [470.42327183 353.17516423]
 [474.34665376 359.0590463 ]
 [477.04073068 365.56312334]
 [478.42701363 372.49790622]
 [478.54580758 376.0737    ]
 [478.42701363 379.64949378]
 [477.04073068 386.58427666]
 [474.34665376 393.0883537 ]
 [470.42327183 398.97223577]
 [467.97880381 401.58470381]
 [465.36633577 404.02917183]
 [459.4824537  407.95255376]
 [452.97837666 410.64663068]
 [446.04359378 412.03291363]
 [442.4678     412.15170758]
 [438.89200622 412.03291363]
 [431.95722334 410.64663068]
 [425.4531463  407.95255376]
 [419.56926423 404.02917183]
 [416.95679619 401.58470381]
 [414.51232817 398.97223577]
 [410.58894624 393.0883537 ]
 [407.89486932 386.58427666]
 [406.50858637 379.64949378]
 [406.38979242 376.0737    ]
 [406.50858637 372.49790622]
 [407.89486932 365.56312334]
 [410.58894624 359.0590463 ]
 [414.51232817 353.17516423]
 [416.95679619 350.56269619]
 [419.56926423 348.11822817]
 [425.4531463  344.19484624]
 [431.95722334 341.50076932]
 [438.89200622 340.11448637]
 [442.4678     339.99569242]]"
060,"[[438.5298     341.56169668]
 [442.1119564  341.68070201]
 [449.05907875 343.06945165]
 [455.57472888 345.7683223 ]
 [461.46908049 349.69868534]
 [464.08619706 352.14750294]
 [466.53501466 354.76461951]
 [470.4653777  360.65897112]
 [473.16424835 367.17462125]
 [474.55299799 374.1217436 ]
 [474.67200332 377.7039    ]
 [474.55299799 381.2860564 ]
 [473.16424835 388.23317875]
 [470.4653777  394.74882888]
 [466.53501466 400.64318049]
 [464.08619706 403.26029706]
 [461.46908049 405.70911466]
 [455.57472888 409.6394777 ]
 [449.05907875 412.33834835]
 [442.1119564  413.72709799]
 [438.5298     413.84610332]
 [434.9476436  413.72709799]
 [428.00052125 412.33834835]
 [421.48487112 409.6394777 ]
 [415.59051951 405.70911466]
 [412.97340294 403.26029706]
 [410.52458534 400.64318049]
 [406.5942223  394.74882888]
 [403.89535165 388.23317875]
 [402.50660201 381.2860564 ]
 [402.38759668 377.7039    ]
 [402.50660201 374.1217436 ]
 [403.89535165 367.17462125]
 [406.5942223  360.65897112]
 [410.52458534 354.76461951]
 [412.97340294 352.14750294]
 [415.59051951 349.69868534]
 [421.48487112 345.7683223 ]
 [428.00052125 343.06945165]
 [434.9476436  341.68070201]
 [438.5298     341.56169668]]"
061,"[[438.3358     342.08760094]
 [441.92431903 342.20681764]
 [448.88378085 343.59803398]
 [455.41100407 346.30169836]
 [461.31582522 350.2390425 ]
 [463.9375903  352.6922097 ]
 [466.3907575  355.31397478]
 [470.32810164 361.21879593]
 [473.03176602 367.74601915]
 [474.42298236 374.70548097]
 [474.54219906 378.294     ]
 [474.42298236 381.88251903]
 [473.03176602 388.84198085]
 [470.32810164 395.36920407]
 [466.3907575  401.27402522]
 [463.9375903  403.8957903 ]
 [461.31582522 406.3489575 ]
 [455.41100407 410.28630164]
 [448.88378085 412.98996602]
 [441.92431903 414.38118236]
 [438.3358     414.50039906]
 [434.74728097 414.38118236]
 [427.78781915 412.98996602]
 [421.26059593 410.28630164]
 [415.35577478 406.3489575 ]
 [412.7340097  403.8957903 ]
 [410.2808425  401.27402522]
 [406.34349836 395.36920407]
 [403.63983398 388.84198085]
 [402.24861764 381.88251903]
 [402.12940094 378.294     ]
 [402.24861764 374.70548097]
 [403.63983398 367.74601915]
 [406.34349836 361.21879593]
 [410.2808425  355.31397478]
 [412.7340097  352.6922097 ]
 [415.35577478 350.2390425 ]
 [421.26059593 346.30169836]
 [427.78781915 343.59803398]
 [434.74728097 342.20681764]
 [438.3358     342.08760094]]"
062,"[[437.0243     344.08760094]
 [440.61281903 344.20681764]
 [447.57228085 345.59803398]
 [454.09950407 348.30169836]
 [460.00432522 352.2390425 ]
 [462.6260903  354.6922097 ]
 [465.0792575  357.31397478]
 [469.01660164 363.21879593]
 [471.72026602 369.74601915]
 [473.11148236 376.70548097]
 [473.23069906 380.294     ]
 [473.11148236 383.88251903]
 [471.72026602 390.84198085]
 [469.01660164 397.36920407]
 [465.0792575  403.27402522]
 [462.6260903  405.8957903 ]
 [460.00432522 408.3489575 ]
 [454.09950407 412.28630164]
 [447.57228085 414.98996602]
 [440.61281903 416.38118236]
 [437.0243     416.50039906]
 [433.43578097 416.38118236]
 [426.47631915 414.98996602]
 [419.94909593 412.28630164]
 [414.04427478 408.3489575 ]
 [411.4225097  405.8957903 ]
 [408.9693425  403.27402522]
 [405.03199836 397.36920407]
 [402.32833398 390.84198085]
 [400.93711764 383.88251903]
 [400.81790094 380.294     ]
 [400.93711764 376.70548097]
 [402.32833398 369.74601915]
 [405.03199836 363.21879593]
 [408.9693425  357.31397478]
 [411.4225097  354.6922097 ]
 [414.04427478 352.2390425 ]
 [419.94909593 348.30169836]
 [426.47631915 345.59803398]
 [433.43578097 344.20681764]
 [437.0243     344.08760094]]"
063,"[[434.1557     349.51390094]
 [437.74421903 349.63311764]
 [444.70368085 351.02433398]
 [451.23090407 353.72799836]
 [457.13572522 357.6653425 ]
 [459.7574903  360.1185097 ]
 [462.2106575  362.74027478]
 [466.14800164 368.64509593]
 [468.85166602 375.17231915]
 [470.24288236 382.13178097]
 [470.36209906 385.7203    ]
 [470.24288236 389.30881903]
 [468.85166602 396.26828085]
 [466.14800164 402.79550407]
 [462.2106575  408.70032522]
 [459.7574903  411.3220903 ]
 [457.13572522 413.7752575 ]
 [451.23090407 417.71260164]
 [444.70368085 420.41626602]
 [437.74421903 421.80748236]
 [434.1557     421.92669906]
 [430.56718097 421.80748236]
 [423.60771915 420.41626602]
 [417.08049593 417.71260164]
 [411.17567478 413.7752575 ]
 [408.5539097  411.3220903 ]
 [406.1007425  408.70032522]
 [402.16339836 402.79550407]
 [399.45973398 396.26828085]
 [398.06851764 389.30881903]
 [397.94930094 385.7203    ]
 [398.06851764 382.13178097]
 [399.45973398 375.17231915]
 [402.16339836 368.64509593]
 [406.1007425  362.74027478]
 [408.5539097  360.1185097 ]
 [411.17567478 357.6653425 ]
 [417.08049593 353.72799836]
 [423.60771915 351.02433398]
 [430.56718097 349.63311764]
 [434.1557     349.51390094]]"
064,"[[426.4702     348.24930094]
 [430.05871903 348.36851764]
 [437.01818085 349.75973398]
 [443.54540407 352.46339836]
 [449.45022522 356.4007425 ]
 [452.0719903  358.8539097 ]
 [454.5251575  361.47567478]
 [458.46250164 367.38049593]
 [461.16616602 373.90771915]
 [462.55738236 380.86718097]
 [462.67659906 384.4557    ]
 [462.55738236 388.04421903]
 [461.16616602 395.00368085]
 [458.46250164 401.53090407]
 [454.5251575  407.43572522]
 [452.0719903  410.0574903 ]
 [449.45022522 412.5106575 ]
 [443.54540407 416.44800164]
 [437.01818085 419.15166602]
 [430.05871903 420.54288236]
 [426.4702     420.66209906]
 [422.88168097 420.54288236]
 [415.92221915 419.15166602]
 [409.39499593 416.44800164]
 [403.49017478 412.5106575 ]
 [400.8684097  410.0574903 ]
 [398.4152425  407.43572522]
 [394.47789836 401.53090407]
 [391.77423398 395.00368085]
 [390.38301764 388.04421903]
 [390.26380094 384.4557    ]
 [390.38301764 380.86718097]
 [391.77423398 373.90771915]
 [394.47789836 367.38049593]
 [398.4152425  361.47567478]
 [400.8684097  358.8539097 ]
 [403.49017478 356.4007425 ]
 [409.39499593 352.46339836]
 [415.92221915 349.75973398]
 [422.88168097 348.36851764]
 [426.4702     348.24930094]]"
065,"[[430.3461     354.89269242]
 [433.92189378 355.01148637]
 [440.85667666 356.39776932]
 [447.3607537  359.09184624]
 [453.24463577 363.01522817]
 [455.85710381 365.45969619]
 [458.30157183 368.07216423]
 [462.22495376 373.9560463 ]
 [464.91903068 380.46012334]
 [466.30531363 387.39490622]
 [466.42410758 390.9707    ]
 [466.30531363 394.54649378]
 [464.91903068 401.48127666]
 [462.22495376 407.9853537 ]
 [458.30157183 413.86923577]
 [455.85710381 416.48170381]
 [453.24463577 418.92617183]
 [447.3607537  422.84955376]
 [440.85667666 425.54363068]
 [433.92189378 426.92991363]
 [430.3461     427.04870758]
 [426.77030622 426.92991363]
 [419.83552334 425.54363068]
 [413.3314463  422.84955376]
 [407.44756423 418.92617183]
 [404.83509619 416.48170381]
 [402.39062817 413.86923577]
 [398.46724624 407.9853537 ]
 [395.77316932 401.48127666]
 [394.38688637 394.54649378]
 [394.26809242 390.9707    ]
 [394.38688637 387.39490622]
 [395.77316932 380.46012334]
 [398.46724624 373.9560463 ]
 [402.39062817 368.07216423]
 [404.83509619 365.45969619]
 [407.44756423 363.01522817]
 [413.3314463  359.09184624]
 [419.83552334 356.39776932]
 [426.77030622 355.01148637]
 [430.3461     354.89269242]]"
066,"[[432.7232     353.99209242]
 [436.29899378 354.11088637]
 [443.23377666 355.49716932]
 [449.7378537  358.19124624]
 [455.62173577 362.11462817]
 [458.23420381 364.55909619]
 [460.67867183 367.17156423]
 [464.60205376 373.0554463 ]
 [467.29613068 379.55952334]
 [468.68241363 386.49430622]
 [468.80120758 390.0701    ]
 [468.68241363 393.64589378]
 [467.29613068 400.58067666]
 [464.60205376 407.0847537 ]
 [460.67867183 412.96863577]
 [458.23420381 415.58110381]
 [455.62173577 418.02557183]
 [449.7378537  421.94895376]
 [443.23377666 424.64303068]
 [436.29899378 426.02931363]
 [432.7232     426.14810758]
 [429.14740622 426.02931363]
 [422.21262334 424.64303068]
 [415.7085463  421.94895376]
 [409.82466423 418.02557183]
 [407.21219619 415.58110381]
 [404.76772817 412.96863577]
 [400.84434624 407.0847537 ]
 [398.15026932 400.58067666]
 [396.76398637 393.64589378]
 [396.64519242 390.0701    ]
 [396.76398637 386.49430622]
 [398.15026932 379.55952334]
 [400.84434624 373.0554463 ]
 [404.76772817 367.17156423]
 [407.21219619 364.55909619]
 [409.82466423 362.11462817]
 [415.7085463  358.19124624]
 [422.21262334 355.49716932]
 [429.14740622 354.11088637]
 [432.7232     353.99209242]]"
067,"[[433.4672     352.62480094]
 [437.05571903 352.74401764]
 [444.01518085 354.13523398]
 [450.54240407 356.83889836]
 [456.44722522 360.7762425 ]
 [459.0689903  363.2294097 ]
 [461.5221575  365.85117478]
 [465.45950164 371.75599593]
 [468.16316602 378.28321915]
 [469.55438236 385.24268097]
 [469.67359906 388.8312    ]
 [469.55438236 392.41971903]
 [468.16316602 399.37918085]
 [465.45950164 405.90640407]
 [461.5221575  411.81122522]
 [459.0689903  414.4329903 ]
 [456.44722522 416.8861575 ]
 [450.54240407 420.82350164]
 [444.01518085 423.52716602]
 [437.05571903 424.91838236]
 [433.4672     425.03759906]
 [429.87868097 424.91838236]
 [422.91921915 423.52716602]
 [416.39199593 420.82350164]
 [410.48717478 416.8861575 ]
 [407.8654097  414.4329903 ]
 [405.4122425  411.81122522]
 [401.47489836 405.90640407]
 [398.77123398 399.37918085]
 [397.38001764 392.41971903]
 [397.26080094 388.8312    ]
 [397.38001764 385.24268097]
 [398.77123398 378.28321915]
 [401.47489836 371.75599593]
 [405.4122425  365.85117478]
 [407.8654097  363.2294097 ]
 [410.48717478 360.7762425 ]
 [416.39199593 356.83889836]
 [422.91921915 354.13523398]
 [429.87868097 352.74401764]
 [433.4672     352.62480094]]"
068,"[[430.9069     355.74529242]
 [434.48269378 355.86408637]
 [441.41747666 357.25036932]
 [447.9215537  359.94444624]
 [453.80543577 363.86782817]
 [456.41790381 366.31229619]
 [458.86237183 368.92476423]
 [462.78575376 374.8086463 ]
 [465.47983068 381.31272334]
 [466.86611363 388.24750622]
 [466.98490758 391.8233    ]
 [466.86611363 395.39909378]
 [465.47983068 402.33387666]
 [462.78575376 408.8379537 ]
 [458.86237183 414.72183577]
 [456.41790381 417.33430381]
 [453.80543577 419.77877183]
 [447.9215537  423.70215376]
 [441.41747666 426.39623068]
 [434.48269378 427.78251363]
 [430.9069     427.90130758]
 [427.33110622 427.78251363]
 [420.39632334 426.39623068]
 [413.8922463  423.70215376]
 [408.00836423 419.77877183]
 [405.39589619 417.33430381]
 [402.95142817 414.72183577]
 [399.02804624 408.8379537 ]
 [396.33396932 402.33387666]
 [394.94768637 395.39909378]
 [394.82889242 391.8233    ]
 [394.94768637 388.24750622]
 [396.33396932 381.31272334]
 [399.02804624 374.8086463 ]
 [402.95142817 368.92476423]
 [405.39589619 366.31229619]
 [408.00836423 363.86782817]
 [413.8922463  359.94444624]
 [420.39632334 357.25036932]
 [427.33110622 355.86408637]
 [430.9069     355.74529242]]"
